--
-- PostgreSQL database dump
--

-- Dumped from database version 16.2
-- Dumped by pg_dump version 16.2

SET statement_timeout = 0;
SET lock_timeout = 0;
SET idle_in_transaction_session_timeout = 0;
SET client_encoding = 'UTF8';
SET standard_conforming_strings = on;
SELECT pg_catalog.set_config('search_path', '', false);
SET check_function_bodies = false;
SET xmloption = content;
SET client_min_messages = warning;
SET row_security = off;

SET default_tablespace = '';

SET default_table_access_method = heap;

--
-- Name: auth_group; Type: TABLE; Schema: public; Owner: postgres
--

CREATE TABLE public.auth_group (
    id integer NOT NULL,
    name character varying(150) NOT NULL
);


ALTER TABLE public.auth_group OWNER TO postgres;

--
-- Name: auth_group_id_seq; Type: SEQUENCE; Schema: public; Owner: postgres
--

ALTER TABLE public.auth_group ALTER COLUMN id ADD GENERATED BY DEFAULT AS IDENTITY (
    SEQUENCE NAME public.auth_group_id_seq
    START WITH 1
    INCREMENT BY 1
    NO MINVALUE
    NO MAXVALUE
    CACHE 1
);


--
-- Name: auth_group_permissions; Type: TABLE; Schema: public; Owner: postgres
--

CREATE TABLE public.auth_group_permissions (
    id bigint NOT NULL,
    group_id integer NOT NULL,
    permission_id integer NOT NULL
);


ALTER TABLE public.auth_group_permissions OWNER TO postgres;

--
-- Name: auth_group_permissions_id_seq; Type: SEQUENCE; Schema: public; Owner: postgres
--

ALTER TABLE public.auth_group_permissions ALTER COLUMN id ADD GENERATED BY DEFAULT AS IDENTITY (
    SEQUENCE NAME public.auth_group_permissions_id_seq
    START WITH 1
    INCREMENT BY 1
    NO MINVALUE
    NO MAXVALUE
    CACHE 1
);


--
-- Name: auth_permission; Type: TABLE; Schema: public; Owner: postgres
--

CREATE TABLE public.auth_permission (
    id integer NOT NULL,
    name character varying(255) NOT NULL,
    content_type_id integer NOT NULL,
    codename character varying(100) NOT NULL
);


ALTER TABLE public.auth_permission OWNER TO postgres;

--
-- Name: auth_permission_id_seq; Type: SEQUENCE; Schema: public; Owner: postgres
--

ALTER TABLE public.auth_permission ALTER COLUMN id ADD GENERATED BY DEFAULT AS IDENTITY (
    SEQUENCE NAME public.auth_permission_id_seq
    START WITH 1
    INCREMENT BY 1
    NO MINVALUE
    NO MAXVALUE
    CACHE 1
);


--
-- Name: django_admin_log; Type: TABLE; Schema: public; Owner: postgres
--

CREATE TABLE public.django_admin_log (
    id integer NOT NULL,
    action_time timestamp with time zone NOT NULL,
    object_id text,
    object_repr character varying(200) NOT NULL,
    action_flag smallint NOT NULL,
    change_message text NOT NULL,
    content_type_id integer,
    user_id uuid NOT NULL,
    CONSTRAINT django_admin_log_action_flag_check CHECK ((action_flag >= 0))
);


ALTER TABLE public.django_admin_log OWNER TO postgres;

--
-- Name: django_admin_log_id_seq; Type: SEQUENCE; Schema: public; Owner: postgres
--

ALTER TABLE public.django_admin_log ALTER COLUMN id ADD GENERATED BY DEFAULT AS IDENTITY (
    SEQUENCE NAME public.django_admin_log_id_seq
    START WITH 1
    INCREMENT BY 1
    NO MINVALUE
    NO MAXVALUE
    CACHE 1
);


--
-- Name: django_content_type; Type: TABLE; Schema: public; Owner: postgres
--

CREATE TABLE public.django_content_type (
    id integer NOT NULL,
    app_label character varying(100) NOT NULL,
    model character varying(100) NOT NULL
);


ALTER TABLE public.django_content_type OWNER TO postgres;

--
-- Name: django_content_type_id_seq; Type: SEQUENCE; Schema: public; Owner: postgres
--

ALTER TABLE public.django_content_type ALTER COLUMN id ADD GENERATED BY DEFAULT AS IDENTITY (
    SEQUENCE NAME public.django_content_type_id_seq
    START WITH 1
    INCREMENT BY 1
    NO MINVALUE
    NO MAXVALUE
    CACHE 1
);


--
-- Name: django_migrations; Type: TABLE; Schema: public; Owner: postgres
--

CREATE TABLE public.django_migrations (
    id bigint NOT NULL,
    app character varying(255) NOT NULL,
    name character varying(255) NOT NULL,
    applied timestamp with time zone NOT NULL
);


ALTER TABLE public.django_migrations OWNER TO postgres;

--
-- Name: django_migrations_id_seq; Type: SEQUENCE; Schema: public; Owner: postgres
--

ALTER TABLE public.django_migrations ALTER COLUMN id ADD GENERATED BY DEFAULT AS IDENTITY (
    SEQUENCE NAME public.django_migrations_id_seq
    START WITH 1
    INCREMENT BY 1
    NO MINVALUE
    NO MAXVALUE
    CACHE 1
);


--
-- Name: django_session; Type: TABLE; Schema: public; Owner: postgres
--

CREATE TABLE public.django_session (
    session_key character varying(40) NOT NULL,
    session_data text NOT NULL,
    expire_date timestamp with time zone NOT NULL
);


ALTER TABLE public.django_session OWNER TO postgres;

--
-- Name: footballfield_bron; Type: TABLE; Schema: public; Owner: postgres
--

CREATE TABLE public.footballfield_bron (
    id uuid NOT NULL,
    start_time timestamp with time zone NOT NULL,
    end_time timestamp with time zone NOT NULL,
    user_id_id uuid NOT NULL,
    foodballfield_id_id uuid NOT NULL
);


ALTER TABLE public.footballfield_bron OWNER TO postgres;

--
-- Name: footballfield_foodballfield; Type: TABLE; Schema: public; Owner: postgres
--

CREATE TABLE public.footballfield_foodballfield (
    id uuid NOT NULL,
    name character varying(200) NOT NULL,
    address character varying(200) NOT NULL,
    contact character varying(200) NOT NULL,
    image character varying(100),
    booking_an_hour numeric(10,2) NOT NULL,
    owner_id uuid NOT NULL
);


ALTER TABLE public.footballfield_foodballfield OWNER TO postgres;

--
-- Name: user_customuser; Type: TABLE; Schema: public; Owner: postgres
--

CREATE TABLE public.user_customuser (
    last_login timestamp with time zone,
    is_superuser boolean NOT NULL,
    username character varying(150) NOT NULL,
    first_name character varying(150) NOT NULL,
    last_name character varying(150) NOT NULL,
    is_staff boolean NOT NULL,
    is_active boolean NOT NULL,
    date_joined timestamp with time zone NOT NULL,
    id uuid NOT NULL,
    email character varying(200) NOT NULL,
    password character varying(200) NOT NULL,
    image character varying(100),
    roles character varying(20) NOT NULL
);


ALTER TABLE public.user_customuser OWNER TO postgres;

--
-- Name: user_customuser_groups; Type: TABLE; Schema: public; Owner: postgres
--

CREATE TABLE public.user_customuser_groups (
    id bigint NOT NULL,
    customuser_id uuid NOT NULL,
    group_id integer NOT NULL
);


ALTER TABLE public.user_customuser_groups OWNER TO postgres;

--
-- Name: user_customuser_groups_id_seq; Type: SEQUENCE; Schema: public; Owner: postgres
--

ALTER TABLE public.user_customuser_groups ALTER COLUMN id ADD GENERATED BY DEFAULT AS IDENTITY (
    SEQUENCE NAME public.user_customuser_groups_id_seq
    START WITH 1
    INCREMENT BY 1
    NO MINVALUE
    NO MAXVALUE
    CACHE 1
);


--
-- Name: user_customuser_user_permissions; Type: TABLE; Schema: public; Owner: postgres
--

CREATE TABLE public.user_customuser_user_permissions (
    id bigint NOT NULL,
    customuser_id uuid NOT NULL,
    permission_id integer NOT NULL
);


ALTER TABLE public.user_customuser_user_permissions OWNER TO postgres;

--
-- Name: user_customuser_user_permissions_id_seq; Type: SEQUENCE; Schema: public; Owner: postgres
--

ALTER TABLE public.user_customuser_user_permissions ALTER COLUMN id ADD GENERATED BY DEFAULT AS IDENTITY (
    SEQUENCE NAME public.user_customuser_user_permissions_id_seq
    START WITH 1
    INCREMENT BY 1
    NO MINVALUE
    NO MAXVALUE
    CACHE 1
);


--
-- Data for Name: auth_group; Type: TABLE DATA; Schema: public; Owner: postgres
--

COPY public.auth_group (id, name) FROM stdin;
\.


--
-- Data for Name: auth_group_permissions; Type: TABLE DATA; Schema: public; Owner: postgres
--

COPY public.auth_group_permissions (id, group_id, permission_id) FROM stdin;
\.


--
-- Data for Name: auth_permission; Type: TABLE DATA; Schema: public; Owner: postgres
--

COPY public.auth_permission (id, name, content_type_id, codename) FROM stdin;
1	Can add log entry	1	add_logentry
2	Can change log entry	1	change_logentry
3	Can delete log entry	1	delete_logentry
4	Can view log entry	1	view_logentry
5	Can add permission	2	add_permission
6	Can change permission	2	change_permission
7	Can delete permission	2	delete_permission
8	Can view permission	2	view_permission
9	Can add group	3	add_group
10	Can change group	3	change_group
11	Can delete group	3	delete_group
12	Can view group	3	view_group
13	Can add content type	4	add_contenttype
14	Can change content type	4	change_contenttype
15	Can delete content type	4	delete_contenttype
16	Can view content type	4	view_contenttype
17	Can add session	5	add_session
18	Can change session	5	change_session
19	Can delete session	5	delete_session
20	Can view session	5	view_session
21	Can add foodballfield	6	add_foodballfield
22	Can change foodballfield	6	change_foodballfield
23	Can delete foodballfield	6	delete_foodballfield
24	Can view foodballfield	6	view_foodballfield
25	Can add bron	7	add_bron
26	Can change bron	7	change_bron
27	Can delete bron	7	delete_bron
28	Can view bron	7	view_bron
29	Can add user	8	add_customuser
30	Can change user	8	change_customuser
31	Can delete user	8	delete_customuser
32	Can view user	8	view_customuser
\.


--
-- Data for Name: django_admin_log; Type: TABLE DATA; Schema: public; Owner: postgres
--

COPY public.django_admin_log (id, action_time, object_id, object_repr, action_flag, change_message, content_type_id, user_id) FROM stdin;
1	2024-03-27 09:44:06.818196+05	93622769-20ee-428f-b806-9fdcf3fa21f3	Ali	2	[{"changed": {"fields": ["Image"]}}]	8	93622769-20ee-428f-b806-9fdcf3fa21f3
2	2024-03-27 09:44:20.539218+05	93622769-20ee-428f-b806-9fdcf3fa21f3	Ali	2	[{"changed": {"fields": ["Roles"]}}]	8	93622769-20ee-428f-b806-9fdcf3fa21f3
3	2024-03-27 10:02:01.691527+05	a4f62be5-ba09-4f89-922c-39ac7b2f0de1	Jar Stadion	2	[{"changed": {"fields": ["Owner"]}}]	6	93622769-20ee-428f-b806-9fdcf3fa21f3
4	2024-03-27 10:02:07.094008+05	81b2342f-1e3b-4830-8740-2dc5e8282490	Bogishamol Stadion	2	[{"changed": {"fields": ["Owner"]}}]	6	93622769-20ee-428f-b806-9fdcf3fa21f3
\.


--
-- Data for Name: django_content_type; Type: TABLE DATA; Schema: public; Owner: postgres
--

COPY public.django_content_type (id, app_label, model) FROM stdin;
1	admin	logentry
2	auth	permission
3	auth	group
4	contenttypes	contenttype
5	sessions	session
6	footballfield	foodballfield
7	footballfield	bron
8	user	customuser
\.


--
-- Data for Name: django_migrations; Type: TABLE DATA; Schema: public; Owner: postgres
--

COPY public.django_migrations (id, app, name, applied) FROM stdin;
1	contenttypes	0001_initial	2024-03-27 09:39:45.39612+05
2	contenttypes	0002_remove_content_type_name	2024-03-27 09:39:45.406084+05
3	auth	0001_initial	2024-03-27 09:39:45.470693+05
4	auth	0002_alter_permission_name_max_length	2024-03-27 09:39:45.47642+05
5	auth	0003_alter_user_email_max_length	2024-03-27 09:39:45.481686+05
6	auth	0004_alter_user_username_opts	2024-03-27 09:39:45.486784+05
7	auth	0005_alter_user_last_login_null	2024-03-27 09:39:45.492175+05
8	auth	0006_require_contenttypes_0002	2024-03-27 09:39:45.497639+05
9	auth	0007_alter_validators_add_error_messages	2024-03-27 09:39:45.504691+05
10	auth	0008_alter_user_username_max_length	2024-03-27 09:39:45.516943+05
11	auth	0009_alter_user_last_name_max_length	2024-03-27 09:39:45.524624+05
12	auth	0010_alter_group_name_max_length	2024-03-27 09:39:45.536683+05
13	auth	0011_update_proxy_permissions	2024-03-27 09:39:45.542139+05
14	auth	0012_alter_user_first_name_max_length	2024-03-27 09:39:45.552917+05
15	user	0001_initial	2024-03-27 09:39:45.607769+05
16	admin	0001_initial	2024-03-27 09:39:45.630948+05
17	admin	0002_logentry_remove_auto_add	2024-03-27 09:39:45.641261+05
18	admin	0003_logentry_add_action_flag_choices	2024-03-27 09:39:45.652561+05
19	footballfield	0001_initial	2024-03-27 09:39:45.690624+05
20	footballfield	0002_alter_foodballfield_image	2024-03-27 09:39:45.69953+05
21	sessions	0001_initial	2024-03-27 09:39:45.710486+05
\.


--
-- Data for Name: django_session; Type: TABLE DATA; Schema: public; Owner: postgres
--

COPY public.django_session (session_key, session_data, expire_date) FROM stdin;
pniz95st1z17x32ujhuy6q83mw9hjwxr	.eJxVzMsOwiAQheF3YW0JBQZmXLr3GZoBBls1bdLLyvju2qQLXZ__Oy_V8bb23bbI3A1FnRW5YG0M1Fgj0niLtUloQkO15Ooq27Y6dfplifNDxt2WO4-3SedpXOch6T3Rx7ro61TkeTnav4Oel_6rU5tLi9UbYok2AEWPkCBmAEDjKBtwhCIWbDA1JfZAhgLkGIUBUb0_r9w_9Q:1rpL8Q:KXuWvR0jRYMLfychLGpzUH_1guIMUraIeeXJNx6O3hI	2024-04-10 09:43:34.096346+05
\.


--
-- Data for Name: footballfield_bron; Type: TABLE DATA; Schema: public; Owner: postgres
--

COPY public.footballfield_bron (id, start_time, end_time, user_id_id, foodballfield_id_id) FROM stdin;
7ec5cbf5-0f7a-4321-a625-7700f977e646	2024-03-28 01:00:00+05	2024-03-28 03:00:00+05	40eca901-89b6-4f42-b58b-7713144b59cc	a4f62be5-ba09-4f89-922c-39ac7b2f0de1
79d30ab0-f3b0-4858-9154-91550a0f898a	2024-03-29 02:00:00+05	2024-03-29 03:00:00+05	20a5fcbe-b964-4df6-b866-e5d854be898e	72452316-922d-404a-8a37-e970795dcff4
\.


--
-- Data for Name: footballfield_foodballfield; Type: TABLE DATA; Schema: public; Owner: postgres
--

COPY public.footballfield_foodballfield (id, name, address, contact, image, booking_an_hour, owner_id) FROM stdin;
a4f62be5-ba09-4f89-922c-39ac7b2f0de1	Jar Stadion	500,445	+998945762204		100000.00	e7240f0c-958d-4170-b9b0-20f2679fbb70
81b2342f-1e3b-4830-8740-2dc5e8282490	Bogishamol Stadion	544,460	+998945762204		100000.00	e7240f0c-958d-4170-b9b0-20f2679fbb70
72452316-922d-404a-8a37-e970795dcff4	Bunyotkor Stadion	543,454	+998991235476		100000.00	fedc17e4-596d-4140-bc45-972d5704fbe4
\.


--
-- Data for Name: user_customuser; Type: TABLE DATA; Schema: public; Owner: postgres
--

COPY public.user_customuser (last_login, is_superuser, username, first_name, last_name, is_staff, is_active, date_joined, id, email, password, image, roles) FROM stdin;
2024-03-27 09:43:34.094039+05	t	Ali			t	t	2024-03-27 09:42:28.747422+05	93622769-20ee-428f-b806-9fdcf3fa21f3	ali2002@gmail.com	pbkdf2_sha256$720000$bdB0i79fJGToI3awju0tH5$JHX7uK5w/UHEL/rRKrBm+4wLe3HbDEYvPzns6nVvmuY=	userimage/2024-02-29_23.05.31.jpg	ADMIN
\N	f	Bobur			f	t	2024-03-27 09:46:52.528195+05	4aa47a5d-a531-491e-b722-dfb57048e683	bobur12@gmail.com.com	pbkdf2_sha256$720000$LjGMxJs0zjh4rbNM0H59sM$uI2hPJSfQsgGUjWSSEep1I2T256tcr46OiOlVVNjQak=		USER
\N	f	Sobir			f	t	2024-03-27 09:48:58.770126+05	e7240f0c-958d-4170-b9b0-20f2679fbb70	sobirsila04@gmail.com	pbkdf2_sha256$720000$63UTEU0VSZ3EP22dALIgF6$1nU9rd1MTWnhHKdmmXG7kE7iYnL1Iq+Lk97GsF3Vm6E=		OWNER FIELD
\N	f	Davron			f	t	2024-03-27 09:49:32.981264+05	fedc17e4-596d-4140-bc45-972d5704fbe4	davron200@gmail.com	pbkdf2_sha256$720000$FvslMItfuh3GBjpZ5Zy5X7$3PyiieQVf6oYklD/MCm59OH4V4GLvS1ptYOkru6P4gI=		OWNER FIELD
\N	f	Umid			f	t	2024-03-27 09:50:01.552567+05	20a5fcbe-b964-4df6-b866-e5d854be898e	umid200@gmail.com	pbkdf2_sha256$720000$ZRt0YprKKTaynZhsxnX7q6$tvTpk0DNliMfSjX/sfQISOnE1IQAmpqirx6qE64W4Z0=		USER
\N	f	Ahmad			f	t	2024-03-27 09:50:25.645235+05	40eca901-89b6-4f42-b58b-7713144b59cc	ahmadjon09@gmail.com	pbkdf2_sha256$720000$s9oWCe91NSO3OBN0MlQJu2$f8XpsMsfAF11wBArU88N/C9Be+tfuAq/8H4BSX1//Qk=		USER
\.


--
-- Data for Name: user_customuser_groups; Type: TABLE DATA; Schema: public; Owner: postgres
--

COPY public.user_customuser_groups (id, customuser_id, group_id) FROM stdin;
\.


--
-- Data for Name: user_customuser_user_permissions; Type: TABLE DATA; Schema: public; Owner: postgres
--

COPY public.user_customuser_user_permissions (id, customuser_id, permission_id) FROM stdin;
\.


--
-- Name: auth_group_id_seq; Type: SEQUENCE SET; Schema: public; Owner: postgres
--

SELECT pg_catalog.setval('public.auth_group_id_seq', 1, false);


--
-- Name: auth_group_permissions_id_seq; Type: SEQUENCE SET; Schema: public; Owner: postgres
--

SELECT pg_catalog.setval('public.auth_group_permissions_id_seq', 1, false);


--
-- Name: auth_permission_id_seq; Type: SEQUENCE SET; Schema: public; Owner: postgres
--

SELECT pg_catalog.setval('public.auth_permission_id_seq', 32, true);


--
-- Name: django_admin_log_id_seq; Type: SEQUENCE SET; Schema: public; Owner: postgres
--

SELECT pg_catalog.setval('public.django_admin_log_id_seq', 4, true);


--
-- Name: django_content_type_id_seq; Type: SEQUENCE SET; Schema: public; Owner: postgres
--

SELECT pg_catalog.setval('public.django_content_type_id_seq', 8, true);


--
-- Name: django_migrations_id_seq; Type: SEQUENCE SET; Schema: public; Owner: postgres
--

SELECT pg_catalog.setval('public.django_migrations_id_seq', 21, true);


--
-- Name: user_customuser_groups_id_seq; Type: SEQUENCE SET; Schema: public; Owner: postgres
--

SELECT pg_catalog.setval('public.user_customuser_groups_id_seq', 1, false);


--
-- Name: user_customuser_user_permissions_id_seq; Type: SEQUENCE SET; Schema: public; Owner: postgres
--

SELECT pg_catalog.setval('public.user_customuser_user_permissions_id_seq', 1, false);


--
-- Name: auth_group auth_group_name_key; Type: CONSTRAINT; Schema: public; Owner: postgres
--

ALTER TABLE ONLY public.auth_group
    ADD CONSTRAINT auth_group_name_key UNIQUE (name);


--
-- Name: auth_group_permissions auth_group_permissions_group_id_permission_id_0cd325b0_uniq; Type: CONSTRAINT; Schema: public; Owner: postgres
--

ALTER TABLE ONLY public.auth_group_permissions
    ADD CONSTRAINT auth_group_permissions_group_id_permission_id_0cd325b0_uniq UNIQUE (group_id, permission_id);


--
-- Name: auth_group_permissions auth_group_permissions_pkey; Type: CONSTRAINT; Schema: public; Owner: postgres
--

ALTER TABLE ONLY public.auth_group_permissions
    ADD CONSTRAINT auth_group_permissions_pkey PRIMARY KEY (id);


--
-- Name: auth_group auth_group_pkey; Type: CONSTRAINT; Schema: public; Owner: postgres
--

ALTER TABLE ONLY public.auth_group
    ADD CONSTRAINT auth_group_pkey PRIMARY KEY (id);


--
-- Name: auth_permission auth_permission_content_type_id_codename_01ab375a_uniq; Type: CONSTRAINT; Schema: public; Owner: postgres
--

ALTER TABLE ONLY public.auth_permission
    ADD CONSTRAINT auth_permission_content_type_id_codename_01ab375a_uniq UNIQUE (content_type_id, codename);


--
-- Name: auth_permission auth_permission_pkey; Type: CONSTRAINT; Schema: public; Owner: postgres
--

ALTER TABLE ONLY public.auth_permission
    ADD CONSTRAINT auth_permission_pkey PRIMARY KEY (id);


--
-- Name: django_admin_log django_admin_log_pkey; Type: CONSTRAINT; Schema: public; Owner: postgres
--

ALTER TABLE ONLY public.django_admin_log
    ADD CONSTRAINT django_admin_log_pkey PRIMARY KEY (id);


--
-- Name: django_content_type django_content_type_app_label_model_76bd3d3b_uniq; Type: CONSTRAINT; Schema: public; Owner: postgres
--

ALTER TABLE ONLY public.django_content_type
    ADD CONSTRAINT django_content_type_app_label_model_76bd3d3b_uniq UNIQUE (app_label, model);


--
-- Name: django_content_type django_content_type_pkey; Type: CONSTRAINT; Schema: public; Owner: postgres
--

ALTER TABLE ONLY public.django_content_type
    ADD CONSTRAINT django_content_type_pkey PRIMARY KEY (id);


--
-- Name: django_migrations django_migrations_pkey; Type: CONSTRAINT; Schema: public; Owner: postgres
--

ALTER TABLE ONLY public.django_migrations
    ADD CONSTRAINT django_migrations_pkey PRIMARY KEY (id);


--
-- Name: django_session django_session_pkey; Type: CONSTRAINT; Schema: public; Owner: postgres
--

ALTER TABLE ONLY public.django_session
    ADD CONSTRAINT django_session_pkey PRIMARY KEY (session_key);


--
-- Name: footballfield_bron footballfield_bron_pkey; Type: CONSTRAINT; Schema: public; Owner: postgres
--

ALTER TABLE ONLY public.footballfield_bron
    ADD CONSTRAINT footballfield_bron_pkey PRIMARY KEY (id);


--
-- Name: footballfield_foodballfield footballfield_foodballfield_pkey; Type: CONSTRAINT; Schema: public; Owner: postgres
--

ALTER TABLE ONLY public.footballfield_foodballfield
    ADD CONSTRAINT footballfield_foodballfield_pkey PRIMARY KEY (id);


--
-- Name: user_customuser_groups user_customuser_groups_customuser_id_group_id_e0a2f621_uniq; Type: CONSTRAINT; Schema: public; Owner: postgres
--

ALTER TABLE ONLY public.user_customuser_groups
    ADD CONSTRAINT user_customuser_groups_customuser_id_group_id_e0a2f621_uniq UNIQUE (customuser_id, group_id);


--
-- Name: user_customuser_groups user_customuser_groups_pkey; Type: CONSTRAINT; Schema: public; Owner: postgres
--

ALTER TABLE ONLY public.user_customuser_groups
    ADD CONSTRAINT user_customuser_groups_pkey PRIMARY KEY (id);


--
-- Name: user_customuser user_customuser_pkey; Type: CONSTRAINT; Schema: public; Owner: postgres
--

ALTER TABLE ONLY public.user_customuser
    ADD CONSTRAINT user_customuser_pkey PRIMARY KEY (id);


--
-- Name: user_customuser_user_permissions user_customuser_user_per_customuser_id_permission_a5da865d_uniq; Type: CONSTRAINT; Schema: public; Owner: postgres
--

ALTER TABLE ONLY public.user_customuser_user_permissions
    ADD CONSTRAINT user_customuser_user_per_customuser_id_permission_a5da865d_uniq UNIQUE (customuser_id, permission_id);


--
-- Name: user_customuser_user_permissions user_customuser_user_permissions_pkey; Type: CONSTRAINT; Schema: public; Owner: postgres
--

ALTER TABLE ONLY public.user_customuser_user_permissions
    ADD CONSTRAINT user_customuser_user_permissions_pkey PRIMARY KEY (id);


--
-- Name: user_customuser user_customuser_username_key; Type: CONSTRAINT; Schema: public; Owner: postgres
--

ALTER TABLE ONLY public.user_customuser
    ADD CONSTRAINT user_customuser_username_key UNIQUE (username);


--
-- Name: auth_group_name_a6ea08ec_like; Type: INDEX; Schema: public; Owner: postgres
--

CREATE INDEX auth_group_name_a6ea08ec_like ON public.auth_group USING btree (name varchar_pattern_ops);


--
-- Name: auth_group_permissions_group_id_b120cbf9; Type: INDEX; Schema: public; Owner: postgres
--

CREATE INDEX auth_group_permissions_group_id_b120cbf9 ON public.auth_group_permissions USING btree (group_id);


--
-- Name: auth_group_permissions_permission_id_84c5c92e; Type: INDEX; Schema: public; Owner: postgres
--

CREATE INDEX auth_group_permissions_permission_id_84c5c92e ON public.auth_group_permissions USING btree (permission_id);


--
-- Name: auth_permission_content_type_id_2f476e4b; Type: INDEX; Schema: public; Owner: postgres
--

CREATE INDEX auth_permission_content_type_id_2f476e4b ON public.auth_permission USING btree (content_type_id);


--
-- Name: django_admin_log_content_type_id_c4bce8eb; Type: INDEX; Schema: public; Owner: postgres
--

CREATE INDEX django_admin_log_content_type_id_c4bce8eb ON public.django_admin_log USING btree (content_type_id);


--
-- Name: django_admin_log_user_id_c564eba6; Type: INDEX; Schema: public; Owner: postgres
--

CREATE INDEX django_admin_log_user_id_c564eba6 ON public.django_admin_log USING btree (user_id);


--
-- Name: django_session_expire_date_a5c62663; Type: INDEX; Schema: public; Owner: postgres
--

CREATE INDEX django_session_expire_date_a5c62663 ON public.django_session USING btree (expire_date);


--
-- Name: django_session_session_key_c0390e0f_like; Type: INDEX; Schema: public; Owner: postgres
--

CREATE INDEX django_session_session_key_c0390e0f_like ON public.django_session USING btree (session_key varchar_pattern_ops);


--
-- Name: footballfield_bron_foodballfield_id_id_9ae3d0c5; Type: INDEX; Schema: public; Owner: postgres
--

CREATE INDEX footballfield_bron_foodballfield_id_id_9ae3d0c5 ON public.footballfield_bron USING btree (foodballfield_id_id);


--
-- Name: footballfield_bron_user_id_id_6b413d92; Type: INDEX; Schema: public; Owner: postgres
--

CREATE INDEX footballfield_bron_user_id_id_6b413d92 ON public.footballfield_bron USING btree (user_id_id);


--
-- Name: footballfield_foodballfield_owner_id_5dab13a9; Type: INDEX; Schema: public; Owner: postgres
--

CREATE INDEX footballfield_foodballfield_owner_id_5dab13a9 ON public.footballfield_foodballfield USING btree (owner_id);


--
-- Name: user_customuser_groups_customuser_id_192632a7; Type: INDEX; Schema: public; Owner: postgres
--

CREATE INDEX user_customuser_groups_customuser_id_192632a7 ON public.user_customuser_groups USING btree (customuser_id);


--
-- Name: user_customuser_groups_group_id_bcbc9e48; Type: INDEX; Schema: public; Owner: postgres
--

CREATE INDEX user_customuser_groups_group_id_bcbc9e48 ON public.user_customuser_groups USING btree (group_id);


--
-- Name: user_customuser_user_permissions_customuser_id_4552d9cc; Type: INDEX; Schema: public; Owner: postgres
--

CREATE INDEX user_customuser_user_permissions_customuser_id_4552d9cc ON public.user_customuser_user_permissions USING btree (customuser_id);


--
-- Name: user_customuser_user_permissions_permission_id_e57e8b9a; Type: INDEX; Schema: public; Owner: postgres
--

CREATE INDEX user_customuser_user_permissions_permission_id_e57e8b9a ON public.user_customuser_user_permissions USING btree (permission_id);


--
-- Name: user_customuser_username_24be6f7e_like; Type: INDEX; Schema: public; Owner: postgres
--

CREATE INDEX user_customuser_username_24be6f7e_like ON public.user_customuser USING btree (username varchar_pattern_ops);


--
-- Name: auth_group_permissions auth_group_permissio_permission_id_84c5c92e_fk_auth_perm; Type: FK CONSTRAINT; Schema: public; Owner: postgres
--

ALTER TABLE ONLY public.auth_group_permissions
    ADD CONSTRAINT auth_group_permissio_permission_id_84c5c92e_fk_auth_perm FOREIGN KEY (permission_id) REFERENCES public.auth_permission(id) DEFERRABLE INITIALLY DEFERRED;


--
-- Name: auth_group_permissions auth_group_permissions_group_id_b120cbf9_fk_auth_group_id; Type: FK CONSTRAINT; Schema: public; Owner: postgres
--

ALTER TABLE ONLY public.auth_group_permissions
    ADD CONSTRAINT auth_group_permissions_group_id_b120cbf9_fk_auth_group_id FOREIGN KEY (group_id) REFERENCES public.auth_group(id) DEFERRABLE INITIALLY DEFERRED;


--
-- Name: auth_permission auth_permission_content_type_id_2f476e4b_fk_django_co; Type: FK CONSTRAINT; Schema: public; Owner: postgres
--

ALTER TABLE ONLY public.auth_permission
    ADD CONSTRAINT auth_permission_content_type_id_2f476e4b_fk_django_co FOREIGN KEY (content_type_id) REFERENCES public.django_content_type(id) DEFERRABLE INITIALLY DEFERRED;


--
-- Name: django_admin_log django_admin_log_content_type_id_c4bce8eb_fk_django_co; Type: FK CONSTRAINT; Schema: public; Owner: postgres
--

ALTER TABLE ONLY public.django_admin_log
    ADD CONSTRAINT django_admin_log_content_type_id_c4bce8eb_fk_django_co FOREIGN KEY (content_type_id) REFERENCES public.django_content_type(id) DEFERRABLE INITIALLY DEFERRED;


--
-- Name: django_admin_log django_admin_log_user_id_c564eba6_fk_user_customuser_id; Type: FK CONSTRAINT; Schema: public; Owner: postgres
--

ALTER TABLE ONLY public.django_admin_log
    ADD CONSTRAINT django_admin_log_user_id_c564eba6_fk_user_customuser_id FOREIGN KEY (user_id) REFERENCES public.user_customuser(id) DEFERRABLE INITIALLY DEFERRED;


--
-- Name: footballfield_bron footballfield_bron_foodballfield_id_id_9ae3d0c5_fk_footballf; Type: FK CONSTRAINT; Schema: public; Owner: postgres
--

ALTER TABLE ONLY public.footballfield_bron
    ADD CONSTRAINT footballfield_bron_foodballfield_id_id_9ae3d0c5_fk_footballf FOREIGN KEY (foodballfield_id_id) REFERENCES public.footballfield_foodballfield(id) DEFERRABLE INITIALLY DEFERRED;


--
-- Name: footballfield_bron footballfield_bron_user_id_id_6b413d92_fk_user_customuser_id; Type: FK CONSTRAINT; Schema: public; Owner: postgres
--

ALTER TABLE ONLY public.footballfield_bron
    ADD CONSTRAINT footballfield_bron_user_id_id_6b413d92_fk_user_customuser_id FOREIGN KEY (user_id_id) REFERENCES public.user_customuser(id) DEFERRABLE INITIALLY DEFERRED;


--
-- Name: footballfield_foodballfield footballfield_foodba_owner_id_5dab13a9_fk_user_cust; Type: FK CONSTRAINT; Schema: public; Owner: postgres
--

ALTER TABLE ONLY public.footballfield_foodballfield
    ADD CONSTRAINT footballfield_foodba_owner_id_5dab13a9_fk_user_cust FOREIGN KEY (owner_id) REFERENCES public.user_customuser(id) DEFERRABLE INITIALLY DEFERRED;


--
-- Name: user_customuser_groups user_customuser_grou_customuser_id_192632a7_fk_user_cust; Type: FK CONSTRAINT; Schema: public; Owner: postgres
--

ALTER TABLE ONLY public.user_customuser_groups
    ADD CONSTRAINT user_customuser_grou_customuser_id_192632a7_fk_user_cust FOREIGN KEY (customuser_id) REFERENCES public.user_customuser(id) DEFERRABLE INITIALLY DEFERRED;


--
-- Name: user_customuser_groups user_customuser_groups_group_id_bcbc9e48_fk_auth_group_id; Type: FK CONSTRAINT; Schema: public; Owner: postgres
--

ALTER TABLE ONLY public.user_customuser_groups
    ADD CONSTRAINT user_customuser_groups_group_id_bcbc9e48_fk_auth_group_id FOREIGN KEY (group_id) REFERENCES public.auth_group(id) DEFERRABLE INITIALLY DEFERRED;


--
-- Name: user_customuser_user_permissions user_customuser_user_customuser_id_4552d9cc_fk_user_cust; Type: FK CONSTRAINT; Schema: public; Owner: postgres
--

ALTER TABLE ONLY public.user_customuser_user_permissions
    ADD CONSTRAINT user_customuser_user_customuser_id_4552d9cc_fk_user_cust FOREIGN KEY (customuser_id) REFERENCES public.user_customuser(id) DEFERRABLE INITIALLY DEFERRED;


--
-- Name: user_customuser_user_permissions user_customuser_user_permission_id_e57e8b9a_fk_auth_perm; Type: FK CONSTRAINT; Schema: public; Owner: postgres
--

ALTER TABLE ONLY public.user_customuser_user_permissions
    ADD CONSTRAINT user_customuser_user_permission_id_e57e8b9a_fk_auth_perm FOREIGN KEY (permission_id) REFERENCES public.auth_permission(id) DEFERRABLE INITIALLY DEFERRED;


--
-- PostgreSQL database dump complete
--

